File Name,Hash,File Type,File Size,Entropy,Header Size,Date,Ransomware Type,Ransomware
0033-csv.csv,01544fb67a9eeede339f590f92313f4c,.csv,45334,4.994199403686332,512,6/9/24 21:07,unknow,0
0023-csv.csv,5a74004256c4b94566332a2ee3f3a233,.csv,130,4.978422003067438,130,6/9/24 21:07,unknow,0
0051-csv.csv,4112514dc53e6d0331e53b5be0478918,.csv,132,4.745453235922954,132,6/9/24 21:07,unknow,0
0041-csv.csv,f68ccc79b85692826e4fc4b71ea0dfbb,.csv,153,5.107805368322021,153,6/9/24 21:07,unknow,0
0077-csv.csv,62f492b20b71cd6c9ded31089d15e903,.csv,1465,5.275695550829145,512,6/9/24 21:07,unknow,0
0067-csv.csv,24c794bb9ff8eff5c7a4681635d42f2a,.csv,242,4.967911315628541,242,6/9/24 21:07,unknow,0
0015-csv.csv,00bcb85fcb458d600bf1f3198a7e6d20,.csv,20510658,5.285194149218126,512,6/9/24 21:07,unknow,0
0005-csv.csv,7f99d27e8f64464578cd66a82669f6e3,.csv,3174,4.998709098290255,512,6/9/24 21:07,unknow,0
0048-csv.csv,9efca0262603c8d322da70155112ea11,.csv,39712,4.306538399331046,512,6/9/24 21:07,unknow,0
0058-csv.csv,0756910cc87bb4ef6c715557d0f4ff53,.csv,1494,5.262634019,512,6/9/24 21:07,unknow,0
0093-csv.csv,077bfb63f1c42ad9579e7cd3375c34db,.csv,137536,5.047558365015472,512,6/9/24 21:07,unknow,0
0083-csv.csv,1d58d41e9207152066839607f3931b99,.csv,65746,5.225856396,512,6/9/24 21:07,unknow,0
0066-csv.csv,7ccce9a67f9e1e2e02e183bb63b5a74c,.csv,12904,5.415685292,512,6/9/24 21:07,unknow,0
0076-csv.csv,c860ce74079afdebbc9bebc1010819ee,.csv,2035,5.187885754517373,512,6/9/24 21:07,unknow,0
0004-csv.csv,bd373c7f15d15231a771742b405bdaa8,.csv,428,4.244456871895033,428,6/9/24 21:07,unknow,0
0014-csv.csv,a3da097689d4375a7dde2e64a4cf795b,.csv,55526,5.379502761430777,512,6/9/24 21:07,unknow,0
0059-csv.csv,cfbcc9dba253a105a89ad97b6f5b854f,.csv,148,5.171937660412598,148,6/9/24 21:07,unknow,0
0049-csv.csv,ad30a44e9b36339b2e6b8f06fec16c83,.csv,11533,5.4022773008208524,512,6/9/24 21:07,unknow,0
0082-csv.csv,72c9ffbbbbb009b8933500c8b04cccb6,.csv,175,4.8240053227978725,175,6/9/24 21:07,unknow,0
0092-csv.csv,ad8de4fde8072aae499cc5acf67acabe,.csv,155514,5.046122479199964,512,6/9/24 21:07,unknow,0
0022-csv.csv,8e0d7f9afc2301218832597e4e429245,.csv,10725,5.201743791338864,512,6/9/24 21:07,unknow,0
0032-csv.csv,1e4f30b251179cec56ff794fba65515b,.csv,138,5.141340541019138,138,6/9/24 21:07,unknow,0
0040-csv.csv,984dd46964fc9502f829f4fc7268abbe,.csv,339,4.903991954574157,339,6/9/24 21:07,unknow,0
0050-csv.csv,c6413de057adb3704e7555d628baa57e,.csv,9545,5.417393389096471,512,6/9/24 21:07,unknow,0
0016-csv.csv,43f555cf800b6d5e49929e809af012d0,.csv,10404,4.888591156064614,512,6/9/24 21:07,unknow,0
0006-csv.csv,d08a9d0f892bfa478bec535e75c697e3,.csv,128,4.702179144443255,128,6/9/24 21:07,unknow,0
0074-csv.csv,296c511d6752ebe28890fe93fdace465,.csv,2828,5.426073255222611,512,6/9/24 21:07,unknow,0
0064-csv.csv,07f6a14492ef7a9af034ae962ed8d370,.csv,40475,4.241827815,512,6/9/24 21:07,unknow,0
0029-csv.csv,b9eabeeb52ee130aa80c6fa8ce921d37,.csv,2658,5.358944434557908,512,6/9/24 21:07,unknow,0
0039-csv.csv,01ee78b467d23febc082e55faa2a57df,.csv,18061,5.393314974679632,512,6/9/24 21:07,unknow,0
0090-csv.csv,ccd1573d9dce0d1fbe773d1d9adfec95,.csv,129952,5.031940898,512,6/9/24 21:07,unknow,0
0080-csv.csv,b08f60cf2b22bf3bf29d9206ef082693,.csv,13318,5.404546497054895,512,6/9/24 21:07,unknow,0
0052-csv.csv,43741756e1657e8c3aeceed4b3c77dc3,.csv,127,4.719184840991065,127,6/9/24 21:07,unknow,0
0042-csv.csv,a8080aa015c725188909abbf4ded37e8,.csv,12420,5.373637510688742,512,6/9/24 21:07,unknow,0
0030-csv.csv,c1f53641df13eec67f15c27456acf95d,.csv,3542,5.396878439636375,512,6/9/24 21:07,unknow,0
0020-csv.csv,4a2512493d6e7d285859c66b946915b2,.csv,117,4.668543439029367,117,6/9/24 21:07,unknow,0
0089-csv.csv,d006c8f82ea112c6cafff2c3615221f6,.csv,115572,5.045415460488074,512,6/9/24 21:07,unknow,0
0099-csv.csv,5ed97adeba6d9a786266e315780430a8,.csv,126008,5.110699818116531,512,6/9/24 21:07,unknow,0
0043-csv.csv,5be176f96ec6ff8395df84252c84071d,.csv,61696,5.466768914637652,512,6/9/24 21:07,unknow,0
0053-csv.csv,8fd60ac99c42839e18eeb1eb524e6746,.csv,1490,5.380553556851533,512,6/9/24 21:07,unknow,0
0098-csv.csv,c89278ae3b6864824fd4a256317714b1,.csv,14782,5.392751708434486,512,6/9/24 21:07,unknow,0
0088-csv.csv,06db7b541dd0078e63e232b1f4984914,.csv,181687,5.029552333095779,512,6/9/24 21:07,unknow,0
0021-csv.csv,06f376cdcf58d9392f8f4414efade789,.csv,131,4.910496934205426,131,6/9/24 21:07,unknow,0
0031-csv.csv,91aa70fb96bd3e78cb6153a4719d6286,.csv,1819,5.305713036717364,512,6/9/24 21:07,unknow,0
0007-csv.csv,4ebf7fa57de08a3e50492b52e894267d,.csv,10871,5.392320272179229,512,6/9/24 21:07,unknow,0
0017-csv.csv,9951221e5227b3b19e5880538d4be4c8,.csv,10638,5.396394236374884,512,6/9/24 21:07,unknow,0
0065-csv.csv,973e3ba7b861faaad5f7d163fa2b754e,.csv,14737,5.409107686830871,512,6/9/24 21:07,unknow,0
0075-csv.csv,bf9b54cc5457badbaf578ad721ea3b29,.csv,3266,5.403233946310945,512,6/9/24 21:07,unknow,0
0081-csv.csv,b0c741919e427ff4f4a9198cfa6742dc,.csv,107,4.386294562565767,107,6/9/24 21:07,unknow,0
0091-csv.csv,19324feb89c0da035da99c6130460839,.csv,145876,4.986357766312216,512,6/9/24 21:07,unknow,0
0038-csv.csv,e75689f21c34defdc8fbb125553af1eb,.csv,150,4.853214583458891,150,6/9/24 21:07,unknow,0
0028-csv.csv,3b76a5f02efd49f5b991826712bff5a5,.csv,1301,5.261884264850491,512,6/9/24 21:07,unknow,0
0094-csv.csv,d7d570b7a0ff3171ff39932033eabbff,.csv,42712,5.109880722986704,512,6/9/24 21:07,unknow,0
0084-csv.csv,1adf19b8f1b3c15350232dc6a665812e,.csv,59605,5.354204685857529,512,6/9/24 21:07,unknow,0
0012-csv.csv,b8412199d25234e701874198cee7b8c3,.csv,22981,4.835400860326396,512,6/9/24 21:07,unknow,0
0002-csv.csv,1ae0b80e0bab456ca7cd0745b7bf9c69,.csv,3429,5.211443943784108,512,6/9/24 21:07,unknow,0
0070-csv.csv,e404dae19e66a55555fd6749fb8cd367,.csv,18284,5.429371436484039,512,6/9/24 21:07,unknow,0
0060-csv.csv,049aeccb04f11113f894adc8d46362f9,.csv,3867,5.392439405908417,512,6/9/24 21:07,unknow,0
0056-csv.csv,df2d63e6be0af84fc222e2390eedad14,.csv,12161,5.396285813674091,512,6/9/24 21:07,unknow,0
0046-csv.csv,0438126d6cb0fa0d82d34212bf4e2d19,.csv,1696,5.1729177265512245,512,6/9/24 21:07,unknow,0
0034-csv.csv,6e492b7cb58d03dc58c01f9d16bab492,.csv,14098,5.310664821462357,512,6/9/24 21:07,unknow,0
0024-csv.csv,f0f85fabbb8d40c83f103ea82591ccd2,.csv,244,5.282767767100457,244,6/9/24 21:07,unknow,0
0069-csv.csv,7339ab94323f36c1599223caa147a285,.csv,210,5.178631014508428,210,6/9/24 21:07,unknow,0
0079-csv.csv,9d3eed630a81806fc2526b5db17f1bc6,.csv,12472,5.423064189919745,512,6/9/24 21:07,unknow,0
0047-csv.csv,a62dd86cdb408fd141abe0540493e170,.csv,3117,5.4045311476322215,512,6/9/24 21:07,unknow,0
0057-csv.csv,18422c6ca4b95b30520b153082b5ca7e,.csv,436,5.300913641297785,436,6/9/24 21:07,unknow,0
0025-csv.csv,3cb4a016b14444b711e4f6c9bd58e114,.csv,15491,5.439269917,512,6/9/24 21:07,unknow,0
0035-csv.csv,a6abb1cbe18963cf3f901f7921a6e1fd,.csv,2250,5.299166756626331,512,6/9/24 21:07,unknow,0
0100-csv.csv,dbd9228f213c4a8c0a3d735a14bfac35,.csv,83726,5.301498973370871,512,6/9/24 21:07,unknow,0
0078-csv.csv,44523fc4d01b587711f5b05547ed5af3,.csv,30703,4.800728065161355,512,6/9/24 21:07,unknow,0
0068-csv.csv,7c969230a2a2ff672605f2c12e1e44d0,.csv,127,4.730126757668863,127,6/9/24 21:07,unknow,0
0085-csv.csv,1e88e03acc652546fafc84123059248b,.csv,82854,5.217911121357421,512,6/9/24 21:07,unknow,0
0095-csv.csv,a5c03af1f2db99f3dfe71be068ec2e38,.csv,154768,5.140936110380769,512,6/9/24 21:07,unknow,0
0003-csv.csv,2eed4e79fc34fa003b768384bc7ce676,.csv,1383,5.289212417299021,512,6/9/24 21:07,unknow,0
0013-csv.csv,3080774fc3db72472f54092300e12390,.csv,7467,5.031235741272055,512,6/9/24 21:07,unknow,0
0061-csv.csv,bf8f3a6bd42369410e2f7a5f6c1bbefd,.csv,2553,5.362271195568044,512,6/9/24 21:07,unknow,0
0071-csv.csv,3f00fd494fa0d015c47dae17708b9ee5,.csv,88,4.576218273036259,88,6/9/24 21:07,unknow,0
0037-csv.csv,23b6b03a830d55f2b11d5b79605dbea9,.csv,13787,5.421494353458806,512,6/9/24 21:07,unknow,0
0027-csv.csv,26259e28f1356456991941c7ca3cd484,.csv,387,5.273089986013032,387,6/9/24 21:07,unknow,0
0055-csv.csv,2a1af45425c6061a2301da1c2c57ae21,.csv,234,4.992627662804384,234,6/9/24 21:07,unknow,0
0045-csv.csv,1a1973ed3096ec1db3ad64c3becfb86f,.csv,365,5.373470439750414,365,6/9/24 21:07,unknow,0
0008-csv.csv,d6f28dbdb6887d28af87f06d8805c20e,.csv,20332,5.425805721569524,512,6/9/24 21:07,unknow,0
0018-csv.csv,401c2bdec71a5ddb168b4ad42ae2e996,.csv,9238,5.410978668054548,512,6/9/24 21:07,unknow,0
0097-csv.csv,3b522d904ac9c0ea6383fbe6f6b34468,.csv,140,4.913546014869218,140,6/9/24 21:07,unknow,0
0087-csv.csv,bdd60413142b3e24f07e2867bed99db9,.csv,21398,4.764472409481333,512,6/9/24 21:07,unknow,0
0073-csv.csv,abbc7ff2293dc01f34945bd9e6db0e0a,.csv,153,5.213137903623416,153,6/9/24 21:07,unknow,0
0063-csv.csv,7608aef1c153310a05118b8b1711e3e1,.csv,1427,5.285005744118426,512,6/9/24 21:07,unknow,0
0011-csv.csv,ecb83eeb598957ef40809e9431ebb1f6,.csv,116,4.582089190382868,116,6/9/24 21:07,unknow,0
0001-csv.csv,132f0772cea41561866cca6d95c8b93e,.csv,2222,5.352110952986349,512,6/9/24 21:07,unknow,0
0086-csv.csv,0a21a3756b081cef0946e5814bc622db,.csv,87131,5.295197309589995,512,6/9/24 21:07,unknow,0
0096-csv.csv,ba30465a2d6dfa66518156aca973e39e,.csv,130817,5.144249669044651,512,6/9/24 21:07,unknow,0
0062-csv.csv,7b6375a4645a121baf1f3e937bb40750,.csv,2072,5.177127475592648,512,6/9/24 21:07,unknow,0
0072-csv.csv,b7ad60c4f069a2dc2971a98376f9af57,.csv,1797,5.255859339,512,6/9/24 21:07,unknow,0
0010-csv.csv,3b25a07ecc7a24f5b3d16fcac6137f31,.csv,141,4.796718715410393,141,6/9/24 21:07,unknow,0
0026-csv.csv,768170ecad3aea00471febcab575a069,.csv,71639,5.277181971,512,6/9/24 21:07,unknow,0
0036-csv.csv,8ba48aa3131fbcc31fb7178072eb07f7,.csv,9981,5.4020387373191046,512,6/9/24 21:07,unknow,0
0044-csv.csv,3e11b53e752b37674c6e66ba0079842d,.csv,1393,5.171253051161703,512,6/9/24 21:07,unknow,0
0054-csv.csv,06344a3cab895a2e9d6290a2fb597ebb,.csv,1694,5.306832909471417,512,6/9/24 21:07,unknow,0
0019-csv.csv,fff2a29838b88eeb0e2408829172a0ff,.csv,12544,5.408158855452879,512,6/9/24 21:07,unknow,0
0009-csv.csv,c4cd57a91f800cddd54d7f68e2b5e6be,.csv,16016,5.414899857019801,512,6/9/24 21:07,unknow,0
0063-dll.dll,a1ea547a32df2f5e85cec12e818207ff,.dll,1256,7.774379334421922,512,6/9/24 21:07,unknow,0
0073-dll.dll,a0c9c51d8606e044817e8faa8209b5fe,.dll,5129888,6.754730077592591,512,6/9/24 21:07,unknow,0
0001-dll.dll,7e6c386ece2bc3356cfcc61aaf032e78,.dll,12304,6.557992568084875,512,6/9/24 21:07,unknow,0
0011-dll.dll,20c080499169a087f41e42c4d461d38b,.dll,31155,7.991752635606167,512,6/9/24 21:07,unknow,1
0087-dll.dll,f555fd35b7be27bcf75b1198a3e997dc,.dll,17920,5.059720389753372,512,6/9/24 21:07,unknow,0
0097-dll.dll,697de77a69a652623251308c11c684cb,.dll,11272,6.914705107518546,512,6/9/24 21:07,unknow,0
0018-dll.dll,d632ba7db78ebabcae6c9fd84d9d63b4,.dll,7105,7.955732205803317,512,6/9/24 21:07,unknow,0
0008-dll.dll,778b938eef7a56958e79dec2052fcd04,.dll,98304,5.959979847980142,512,6/9/24 21:07,unknow,0
0027-dll.dll,0042fccbbf90116f0ddc46c0f9b48c39,.dll,1015456,5.835661610651711,512,6/9/24 21:07,unknow,0
0037-dll.dll,37153aaf34ace49971e1cec2993850c9,.dll,87318,7.996102105591576,512,6/9/24 21:07,unknow,1
0045-dll.dll,9d840b31eca871c0c9d7666ffb72f27c,.dll,3506,7.933021099,512,6/9/24 21:07,unknow,0
0055-dll.dll,b5c1cb16ef6bd5b0ba58ba1c9c830745,.dll,300192,6.748324972462743,512,6/9/24 21:07,unknow,0
0009-dll.dll,a6382ef352faf2d5ac47f9d21f5460e7,.dll,9920,7.974841036002254,512,6/9/24 21:07,unknow,1
0019-dll.dll,8afcf6c26a0de9cdedfb64f420bdc2ec,.dll,8704,5.010817102752497,512,6/9/24 21:07,unknow,0
0036-dll.dll,bbb52efe4d93ddd2ee3c672880b8dd9e,.dll,33393,7.988135019776326,512,6/9/24 21:07,unknow,1
0026-dll.dll,ffc21849ef17beaa0e5220982d412f11,.dll,649888,5.768796757,512,6/9/24 21:07,unknow,0
0054-dll.dll,0f9687f6b33c5e5a984fb1264458012c,.dll,283296,6.489628528998021,512,6/9/24 21:07,unknow,0
0044-dll.dll,663ab202f256b1a23943ce4fa28bbdc5,.dll,1256,5.554240690152446,512,6/9/24 21:07,unknow,0
0072-dll.dll,868918aead64c2d809c76d8a0da1ca1f,.dll,51796,7.991213061591703,512,6/9/24 21:07,unknow,1
0062-dll.dll,77fbadde0f0c73d1dcaff42f65df2edd,.dll,2902,7.902922269412708,512,6/9/24 21:07,unknow,0
0010-dll.dll,d0997604fc09a3125c4a033c73fe6e56,.dll,259584,5.964450061742731,512,6/9/24 21:07,unknow,0
0096-dll.dll,d8a86226c9d60aae6aa6c1f3624cf1c1,.dll,11064,6.835861990089531,512,6/9/24 21:07,unknow,0
0086-dll.dll,5d17250eee70c1e8834cdd5c08700174,.dll,1256,3.474758281,512,6/9/24 21:07,unknow,0
0079-dll.dll,56763be96808493292f95268fc4be515,.dll,7037,7.961795543035741,512,6/9/24 21:07,unknow,1
0069-dll.dll,90b08656266e2076c5db27da86435d0b,.dll,30720,3.794940571382864,512,6/9/24 21:07,unknow,0
0046-dll.dll,e1f30b318d5b9dbd91ecf58b039f570f,.dll,882176,6.000415508361762,512,6/9/24 21:07,unknow,0
0056-dll.dll,4f214fbee8a08f3a261b7f744d34248f,.dll,147832,6.506930299408209,512,6/9/24 21:07,unknow,0
0024-dll.dll,3a1e9501404472414dcb10e5fbbd3cc0,.dll,79008,6.3756736947543615,512,6/9/24 21:07,unknow,0
0034-dll.dll,8706a02be752fb3db8112fe8f1bedde5,.dll,2977,7.92957032,512,6/9/24 21:07,unknow,0
0002-dll.dll,8388a0eabcc26de915f73bb9e9755bc2,.dll,12088,6.534377776666713,512,6/9/24 21:07,unknow,0
0012-dll.dll,0c149fea8444e0f673eccbcbd2d72d54,.dll,18007,7.980306323179532,512,6/9/24 21:07,unknow,1
0060-dll.dll,461c6574389f8a36d7dded510e29e2e6,.dll,136704,5.753605095258859,512,6/9/24 21:07,unknow,0
0070-dll.dll,dc871c2c9f3caf6415ee4589471bc555,.dll,144085,7.992731914,512,6/9/24 21:07,unknow,1
0084-dll.dll,30eca5b747b2475cc4feb42a9e55576e,.dll,70786,7.986382821555665,512,6/9/24 21:07,unknow,1
0094-dll.dll,34841e1e24f4073d1f9ce228e088525d,.dll,12304,6.729723267240407,512,6/9/24 21:07,unknow,0
0013-dll.dll,8743a6f6253fe7f15afb3c4050ec732c,.dll,21655,7.986432703064311,512,6/9/24 21:07,unknow,1
0003-dll.dll,bf527cc5716f8050060aeee477c3e8ac,.dll,2662,7.909112059378216,512,6/9/24 21:07,unknow,0
0071-dll.dll,8bb97377516815338442fa1a27c3c3e6,.dll,64308,7.992094690762113,512,6/9/24 21:07,unknow,1
0061-dll.dll,d0c9c6f568e38cd2273f06df64ba9d80,.dll,90624,5.406116297534858,512,6/9/24 21:07,unknow,0
0095-dll.dll,ab97990ac5654855e3324b176be26e86,.dll,11576,6.817620991354179,512,6/9/24 21:07,unknow,0
0085-dll.dll,52afd7f9b7db4cd6ff95be367f821956,.dll,39636,7.964903538781749,512,6/9/24 21:07,unknow,1
0068-dll.dll,c34007de3eb778073ba4b2afe4e3492f,.dll,6900,7.957108119675855,512,6/9/24 21:07,unknow,1
0100-dll.dll,6c630625bd19beddb93fccbd0df67782,.dll,11064,6.8904203632886745,512,6/9/24 21:07,unknow,0
0078-dll.dll,ce5a8577a40fa8e83a662be36bcedfda,.dll,320096,6.555852817398813,512,6/9/24 21:07,unknow,0
0057-dll.dll,b39ae4bb088638029e0af89e01d639b4,.dll,3307,7.922177933637935,512,6/9/24 21:07,unknow,0
0047-dll.dll,a530902aa472dd3f84eb2d32f7d8d166,.dll,53248,5.630770788988494,512,6/9/24 21:07,unknow,0
0035-dll.dll,2cdf2f531f8df6c8b02837721a504962,.dll,56320,5.803364894275689,512,6/9/24 21:07,unknow,0
0025-dll.dll,1d60038b679d48d9e97a37e31a3b0bb0,.dll,508064,5.193022930961192,512,6/9/24 21:07,unknow,0
0042-dll.dll,c51d7420fcfd78fe8cd1e99dad95ea62,.dll,68096,6.214798833653672,512,6/9/24 21:07,unknow,0
0052-dll.dll,e029a84e7bbc6bfc9ce2583cc34fcfde,.dll,1966240,6.156849905239527,512,6/9/24 21:07,unknow,0
0020-dll.dll,e557b7d76aabfd1c2b9eedff0c2f586a,.dll,441856,6.5529806650799935,512,6/9/24 21:07,unknow,0
0030-dll.dll,027dfe2f4d306fb73b3b562940f9fadb,.dll,115360,6.444785580172109,512,6/9/24 21:07,unknow,0
0099-dll.dll,0c6d05fc66c878b0033ca16530f09e66,.dll,11280,6.839529905803394,512,6/9/24 21:07,unknow,0
0089-dll.dll,d089ae7b25f26f6bd62d6e66b541e137,.dll,72192,5.431999521806196,512,6/9/24 21:07,unknow,0
0039-dll.dll,fa9e216685ca4a63ef415f3e1051b169,.dll,103424,6.000818940217919,512,6/9/24 21:07,unknow,0
0029-dll.dll,cfd5138a6b9e35c00a30aa0b202ad7a1,.dll,13348000,6.7784775,512,6/9/24 21:07,unknow,0
0080-dll.dll,b675058f4d10f1b329af50b626ee190a,.dll,1256,4.971680469133119,512,6/9/24 21:07,unknow,0
0090-dll.dll,0d5f6c0bf0fe4305600283f4e187c02d,.dll,16384,3.620763337358421,512,6/9/24 21:07,unknow,0
0006-dll.dll,2807d6048a1580ff37dc808810272af1,.dll,9149,7.962202900662371,512,6/9/24 21:07,unknow,1
0016-dll.dll,e2bdedb8762bb3ebeee571485b5f0763,.dll,7384,7.959216984,512,6/9/24 21:07,unknow,1
0064-dll.dll,2ea8407131b4e77b63266e224f8953a5,.dll,364032,5.843103380062313,512,6/9/24 21:07,unknow,0
0074-dll.dll,ce8ad1feb09a969ffa194fa1ea4fb17f,.dll,244896,6.563281119997879,512,6/9/24 21:07,unknow,0
0091-dll.dll,ee416f04984405ada40f5e27e4c54c39,.dll,3213,7.890318640782942,512,6/9/24 21:07,unknow,0
0081-dll.dll,d3bd5014f7cae831dbbaf047c1bb5c19,.dll,100864,5.886679719040422,512,6/9/24 21:07,unknow,0
0028-dll.dll,d8137ee2dcfaecaa584b23cd349dc45f,.dll,20722336,6.764929266532883,512,6/9/24 21:07,unknow,0
0038-dll.dll,95e7ceb964c2db2c35d49787c49d7624,.dll,1985,7.849320242989284,512,6/9/24 21:07,unknow,0
0017-dll.dll,33d59542cceace64110351e3c0bda2ce,.dll,1619856,6.715605617969464,512,6/9/24 21:07,unknow,0
0007-dll.dll,c2b02e776a8dca178802d976dd560d18,.dll,32931,7.988382653945592,512,6/9/24 21:07,unknow,1
0075-dll.dll,0e537fb8fb892bc95ebb87425bbcd44a,.dll,285344,6.597772386222943,512,6/9/24 21:07,unknow,0
0065-dll.dll,24ee2cd1fb7202a99d4fbfa93ad59f76,.dll,12630,7.946919698,512,6/9/24 21:07,unknow,0
0053-dll.dll,2db79cfddca46e9f4a06344c141d46ea,.dll,511136,5.924123623207602,512,6/9/24 21:07,unknow,0
0043-dll.dll,ba7362d56248a1311d8c9900067d45be,.dll,1256,4.015512388940419,512,6/9/24 21:07,unknow,0
0088-dll.dll,f1043a2ed3d676c669e8a51dc521c6a8,.dll,256512,6.014404960164799,512,6/9/24 21:07,unknow,0
0098-dll.dll,0d5becbbea95fb799d6d00019c995423,.dll,11064,6.895565752151059,512,6/9/24 21:07,unknow,0
0031-dll.dll,32f70fecc55e16fa368abbecce4a5b93,.dll,322048,5.706280599669599,512,6/9/24 21:07,unknow,0
0021-dll.dll,1382804ec958dcd5183383a3e9706698,.dll,153951,7.996503342435504,512,6/9/24 21:07,unknow,1
0058-dll.dll,8c9c49b69f409efba5a5f8061192a429,.dll,1019904,6.545360973560548,512,6/9/24 21:07,unknow,0
0048-dll.dll,f57b8ee10bf6caadfb5808655eaa2782,.dll,67584,5.3968021928370815,512,6/9/24 21:07,unknow,0
0083-dll.dll,d66fb05fd95d77a443b39f4c5efd3edb,.dll,1624,7.780843944,512,6/9/24 21:07,unknow,0
0093-dll.dll,d38f7b017d4ac352b359f56a93198949,.dll,15160,6.690785787810847,512,6/9/24 21:07,unknow,0
0067-dll.dll,60aaa110e25c2c9bcacd1a4a52241eb1,.dll,120832,6.463099162130277,512,6/9/24 21:07,unknow,0
0077-dll.dll,ce375e13b52ccd428a5d4268a4c488d3,.dll,162816,5.904910172048634,512,6/9/24 21:07,unknow,0
0005-dll.dll,898466b40760798582efbb97c49993a3,.dll,180244,7.986932263373862,512,6/9/24 21:07,unknow,1
0015-dll.dll,9166f7a694e5236d4e89578d9874bf96,.dll,340704,7.992360355,512,6/9/24 21:07,unknow,1
0023-dll.dll,1d0aba588b8f5cb832d506827337da18,.dll,3215,7.925687758738127,512,6/9/24 21:07,unknow,0
0033-dll.dll,1e176ad0ab553c8716695765717247e6,.dll,71680,5.788526842,512,6/9/24 21:07,unknow,0
0041-dll.dll,41e16729a3e6f5694a2ade98999dbd10,.dll,3866,7.916904190916901,512,6/9/24 21:07,unknow,0
0051-dll.dll,9661bca85f3887420dd476834d40dc29,.dll,57856,5.799223360358047,512,6/9/24 21:07,unknow,0
0032-dll.dll,9b6708c34c8fc1874f3cb6b34af5da2e,.dll,19806,7.984380795040757,512,6/9/24 21:07,unknow,1
0022-dll.dll,7bce8960ba98335f4f14ea24b799e904,.dll,195584,6.038190236080792,512,6/9/24 21:07,unknow,0
0050-dll.dll,eb0b692f0cde4e02ae6d3ace17e97385,.dll,100352,5.848066089609572,512,6/9/24 21:07,unknow,0
0040-dll.dll,5074e089821561c57a02689364cc9f64,.dll,12606,7.933907047390982,512,6/9/24 21:07,unknow,0
0049-dll.dll,84ef17a4092b4c484dc437d9c99d769b,.dll,24576,5.101338772832603,512,6/9/24 21:07,unknow,0
0059-dll.dll,af9c338c075c5ea3730616495afdbc5e,.dll,60416,5.700657194384847,512,6/9/24 21:07,unknow,0
0092-dll.dll,62cdcf2a8c0ec859a892d6fdc39737fd,.dll,10760,7.039787682890451,512,6/9/24 21:07,unknow,0
0082-dll.dll,d8f7bbe67bf5e003abb1293e3cc55182,.dll,1256,3.7230987860835034,512,6/9/24 21:07,unknow,0
0076-dll.dll,8c36fb84b29df03e4e3e954db3378c21,.dll,36840,5.797513834472447,512,6/9/24 21:07,unknow,0
0066-dll.dll,044b0e50846df876fc88102ba7128ae3,.dll,9018,7.972742491656088,512,6/9/24 21:07,unknow,1
0014-dll.dll,21adac985c085ce12add4c176ed6e093,.dll,274432,5.999397911202584,512,6/9/24 21:07,unknow,0
0004-dll.dll,b5630e56d122d4869ae3bf96d62cd91c,.dll,165536,6.712161890291859,512,6/9/24 21:07,unknow,0
0007-doc.doc.id-0481FA80.[paymentbtc@firemail.cc].cmb,41fe2d2fb1d97051aa2b6f63d7b47443,.cmb,201980,7.999095846716524,512,6/10/24 0:20,DHARMA,1
0005-xlsx.xlsx.id-0481FA80.[paymentbtc@firemail.cc].cmb,f5b8414a4348d933b4397e458eca14d4,.cmb,1264160,7.999850656458689,512,6/10/24 0:20,DHARMA,1
0006-jpg-fromweb.jpg.id-0481FA80.[paymentbtc@firemail.cc].cmb,7211f9ce94d3baedc49516672c980beb,.cmb,20764,7.990520770181464,512,6/10/24 0:20,DHARMA,1
0005-doc.doc.id-0481FA80.[paymentbtc@firemail.cc].cmb,eb42233d07863d5653581676357f5d4f,.cmb,10912004,7.732967327,512,6/10/24 0:20,DHARMA,1
0002-xls.xls.id-0481FA80.[paymentbtc@firemail.cc].cmb,1c204f1382e3d57a17561dd87e60c03b,.cmb,700156,7.999730706518144,512,6/9/24 21:07,DHARMA,1
0006-docx.docx.id-0481FA80.[paymentbtc@firemail.cc].cmb,f096c71fc596d09b5ee1a027fc50d23b,.cmb,89376,7.997758521425447,512,6/10/24 0:20,DHARMA,1
0004-xls.xls.id-0481FA80.[paymentbtc@firemail.cc].cmb,0cb3646670e315cfbcf72d4643752d88,.cmb,1182460,7.999851231687828,512,6/9/24 21:07,DHARMA,1
0001-jpg-fromweb.jpg.id-0481FA80.[paymentbtc@firemail.cc].cmb,91f854d9ecc3e4ac6ca9106da0ae88be,.cmb,25740,7.991098405695904,512,6/9/24 21:07,DHARMA,1
0006-xlsx.xlsx.id-0481FA80.[paymentbtc@firemail.cc].cmb,5927e971e6c28b26961ce20f7fc0df82,.cmb,1186432,7.999828195520723,512,6/10/24 0:20,DHARMA,1
0003-doc.doc.id-0481FA80.[paymentbtc@firemail.cc].cmb,16c671f8feaa176970dadd686fff9e19,.cmb,275708,7.999389554077387,512,6/9/24 21:07,DHARMA,1
0002-pptx.pptx.id-0481FA80.[paymentbtc@firemail.cc].cmb,7d42782c0d655d7378b466ed457f05af,.cmb,790912,7.999766111563015,512,6/9/24 21:07,DHARMA,1
0006-xls.xls.id-0481FA80.[paymentbtc@firemail.cc].cmb,cef6bfbc4fefdac4a005e2a0244287c7,.cmb,7710980,4.525657100852371,512,6/10/24 0:20,DHARMA,1
0001-doc.doc.id-0481FA80.[paymentbtc@firemail.cc].cmb,752b7d287e9a3d028ecfafbdbd77222f,.cmb,87804,7.997995254283671,512,6/9/24 21:07,DHARMA,1
0001-docx.docx.id-0481FA80.[paymentbtc@firemail.cc].cmb,9435cb4826a65e838dbc781e43a82c46,.cmb,97088,7.998411779721633,512,6/9/24 21:07,DHARMA,1
0001-pdf.pdf.id-0481FA80.[paymentbtc@firemail.cc].cmb,430c38f07ae9042fddb1eeff591f1b36,.cmb,1461740,7.999855103541754,512,6/9/24 21:07,DHARMA,1
0003-pdf.pdf.id-0481FA80.[paymentbtc@firemail.cc].cmb,ca5f3e68cc728e099bbaadf2dad417fe,.cmb,1363244,7.999841693954168,512,6/9/24 21:07,DHARMA,1
0006-pptx.pptx.id-0481FA80.[paymentbtc@firemail.cc].cmb,3f9f06ea2b8438295ac503d24dfc977f,.cmb,3479902,6.872793257885698,512,6/10/24 0:20,DHARMA,1
0002-xlsx.xlsx.id-0481FA80.[paymentbtc@firemail.cc].cmb,18fa4f0131a016f3c0ae3bdfa8dbc931,.cmb,1188560,7.999850687551917,512,6/9/24 21:07,DHARMA,1
0007-jpg-fromweb.jpg.id-0481FA80.[paymentbtc@firemail.cc].cmb,288b3c024efba34c6deb75466b1a2014,.cmb,41100,7.995554641435181,512,6/10/24 0:20,DHARMA,1
0004-docx.docx.id-0481FA80.[paymentbtc@firemail.cc].cmb,569594bdf301e5e1376ff6690a915530,.cmb,143664,7.998745244903863,512,6/9/24 21:07,DHARMA,1
0002-jpg-fromweb.jpg.id-0481FA80.[paymentbtc@firemail.cc].cmb,1d5d17789ce7fd1290caf89ed5ac1bdd,.cmb,91532,7.998032575,512,6/9/24 21:07,DHARMA,1
0006-doc.doc.id-0481FA80.[paymentbtc@firemail.cc].cmb,38c3eecc0165ee1e4101638ae98dd0e9,.cmb,99068,7.998224713953864,512,6/10/24 0:20,DHARMA,1
0003-xls.xls.id-0481FA80.[paymentbtc@firemail.cc].cmb,723bb48b499e7265621eb210cc6ea5d9,.cmb,257788,7.999284884902365,512,6/9/24 21:07,DHARMA,1
0004-doc.doc.id-0481FA80.[paymentbtc@firemail.cc].cmb,242ba68b4cb238b1c9ee68aef8149d66,.cmb,71932,7.997569973140602,512,6/9/24 21:07,DHARMA,1
0003-pptx.pptx.id-0481FA80.[paymentbtc@firemail.cc].cmb,5d61378320655b236df26d9e4c77832f,.cmb,16162875,7.704904755128524,512,6/9/24 21:07,DHARMA,1
0007-docx.docx.id-0481FA80.[paymentbtc@firemail.cc].cmb,d1e1bad6ce19415d5fdf4dd90a0503ca,.cmb,247984,7.999233671964126,512,6/10/24 0:20,DHARMA,1
0004-pptx.pptx.id-0481FA80.[paymentbtc@firemail.cc].cmb,7d7301b1057f2b7836833f45ad4d01ad,.cmb,4242661,7.154234969778302,512,6/9/24 21:07,DHARMA,1
0004-jpg-fromweb.jpg.id-0481FA80.[paymentbtc@firemail.cc].cmb,2bd32e01277a5577d34e88a142e6694b,.cmb,74924,7.997724584152774,512,6/9/24 21:07,DHARMA,1
0002-pdf.pdf.id-0481FA80.[paymentbtc@firemail.cc].cmb,7d5dbbc871addb88a55213318ae274f0,.cmb,3085256,6.721327706003798,512,6/9/24 21:07,DHARMA,1
0003-docx.docx.id-0481FA80.[paymentbtc@firemail.cc].cmb,c97d463ab2c3f67b530e0d577b694523,.cmb,50848,7.996300984290506,512,6/9/24 21:07,DHARMA,1
0003-jpg-fromweb.jpg.id-0481FA80.[paymentbtc@firemail.cc].cmb,1a141fc05db392e5ca058321f2c990db,.cmb,83788,7.997737896182758,512,6/9/24 21:07,DHARMA,1
0004-pdf.pdf.id-0481FA80.[paymentbtc@firemail.cc].cmb,a91392a0a3367950be487ec462fd76d4,.cmb,11139830,7.745548963294353,512,6/9/24 21:07,DHARMA,1
0003-xlsx.xlsx.id-0481FA80.[paymentbtc@firemail.cc].cmb,111abd70143809a0331fc41294d40ea3,.cmb,1140208,7.999824311708479,512,6/9/24 21:07,DHARMA,1
0006-pdf.pdf.id-0481FA80.[paymentbtc@firemail.cc].cmb,7c3eb3836ff7b3b79449b8566ae2d05f,.cmb,2561438,6.385855457156059,512,6/10/24 0:20,DHARMA,1
0030-xml.xml,4519196f862ee890dcd9eb685c54cf31,.xml,996,5.063811105026712,512,6/9/24 21:07,unknow,0
0020-xml.xml,1cff4dae1c5d58f376989e4824ec9b31,.xml,1132,5.056163286344602,512,6/9/24 21:07,unknow,0
0089-xml.xml,7cbae5f8c950b87b91da06077e107391,.xml,986,5.062435252394357,512,6/9/24 21:07,unknow,0
0099-xml.xml,8b7d6b605247748a0fc312dec648066b,.xml,1009,5.05559926,512,6/9/24 21:07,unknow,0
0052-xml.xml,ff3392581e4f45953729a6e7cd0faa82,.xml,745,5.115065389399428,512,6/9/24 21:07,unknow,0
0042-xml.xml,3432bc02ddecea5b01572979618d6efc,.xml,989,5.073207845359163,512,6/9/24 21:07,unknow,0
0074-xml.xml,da499d5187844a13daf49d0861479cd2,.xml,1027,5.125614128399181,512,6/9/24 21:07,unknow,0
0064-xml.xml,d3c0b7fbc4700ca6f661c4181dd5936c,.xml,997,5.046709631189025,512,6/9/24 21:07,unknow,0
0016-xml.xml,6f3cbe85d053741eabacb9b0fb9bafc4,.xml,1079,4.764682273783949,512,6/9/24 21:07,unknow,0
0006-xml.xml,75059d5c81966e51fdb1ceaebf20dbd8,.xml,2273,4.633630700987392,512,6/9/24 21:07,unknow,0
0029-xml.xml,eef321401abd3fc2b8f2e3e44bcec0c5,.xml,1014,5.089077037410577,512,6/9/24 21:07,unknow,0
0039-xml.xml,8d269f7090305071e4e6ef33d22cb2ca,.xml,702,5.067804623510471,512,6/9/24 21:07,unknow,0
0090-xml.xml,e82df5ad08da4695ad6a21af163ad53e,.xml,986,5.057445714322811,512,6/9/24 21:07,unknow,0
0080-xml.xml,c11ed1f8c8e434da7d7a974a7d53437d,.xml,986,5.064351023964976,512,6/9/24 21:07,unknow,0
0065-xml.xml,022cb9d15aaadcfc369e17aeb557a832,.xml,1003,5.076486971899143,512,6/9/24 21:07,unknow,0
0075-xml.xml,86ff37891900020612085776cba1c1f7,.xml,1025,5.124556666223638,512,6/9/24 21:07,unknow,0
0007-xml.xml,d7ebddada73eeca13feea4f6c252353c,.xml,2393,4.630411223308316,512,6/9/24 21:07,unknow,0
0017-xml.xml,a066eb4c754fd127ede272872956987b,.xml,1049,5.090107862949595,512,6/9/24 21:07,unknow,0
0081-xml.xml,080f8dc1827ce71ba9c1f13528fb1207,.xml,1014,5.082204153,512,6/9/24 21:07,unknow,0
0091-xml.xml,34195d70497cfe1bc09d3bd3d03c5185,.xml,986,5.059326055970672,512,6/9/24 21:07,unknow,0
0038-xml.xml,acb2607146d172aca89a174e76e5e6d4,.xml,991,5.071333189435634,512,6/9/24 21:07,unknow,0
0028-xml.xml,b533369c0dfda1c8fd40a3a3d3f45686,.xml,1002,5.067748734258063,512,6/9/24 21:07,unknow,0
0098-xml.xml,30aa30fc0453830c47d45fc771b3375e,.xml,991,5.081482555217818,512,6/9/24 21:07,unknow,0
0088-xml.xml,0f370bd74845b2b0958ef78e11dac003,.xml,1009,5.070536435,512,6/9/24 21:07,unknow,0
0021-xml.xml,71a7a073421d3362d0d179e2140bc112,.xml,1004,5.064395779151161,512,6/9/24 21:07,unknow,0
0031-xml.xml,14f1a8b7535f19f97108a2ca91afa239,.xml,1012,5.073584722107313,512,6/9/24 21:07,unknow,0
0043-xml.xml,995b742309a4fef648072d6ffff60c62,.xml,1007,5.0499043460314486,512,6/9/24 21:07,unknow,0
0053-xml.xml,300677cadcd3c506edaaabf339d7a4e6,.xml,1015,5.102832541450039,512,6/9/24 21:07,unknow,0
0015-xml.xml,f8f8315a32f5ebed8bff22ecd8796b38,.xml,598,5.008833363636278,512,6/9/24 21:07,unknow,0
0005-xml.xml,8afbb18386ded4d7e7237bfbd6db7429,.xml,2348,4.631919328266811,512,6/9/24 21:07,unknow,0
0077-xml.xml,1c131874b01b15e2192188706915aeb1,.xml,1011,5.079321384365335,512,6/9/24 21:07,unknow,0
0067-xml.xml,694c9d7713a295f7d7a931f057ed8442,.xml,1009,5.1117135907631575,512,6/9/24 21:07,unknow,0
0093-xml.xml,9f69de296b924c49ccd75a76b0232d22,.xml,1017,5.1075357201440905,512,6/9/24 21:07,unknow,0
0083-xml.xml,3c96db80c9f645a11337624f0c882fb3,.xml,985,5.044606534258826,512,6/9/24 21:07,unknow,0
0048-xml.xml,5cce55294e6bef4a066e06387cbfc023,.xml,999,5.074208275139911,512,6/9/24 21:07,unknow,0
0058-xml.xml,cdff67ef2eee901ad9439410aa456492,.xml,993,5.086649931,512,6/9/24 21:07,unknow,0
0051-xml.xml,86869598a83cec95be00302d15921b60,.xml,716,5.056028115322615,512,6/9/24 21:07,unknow,0
0041-xml.xml,5b7d0a3392f73084f1b8ec833b52999b,.xml,1022,5.116638354412801,512,6/9/24 21:07,unknow,0
0033-xml.xml,fe688d1877fd1c658786e69b81466d17,.xml,1004,5.075891196257421,512,6/9/24 21:07,unknow,0
0023-xml.xml,2d1649637bad23b4f4ec8194821b63ce,.xml,1018,5.089137997333033,512,6/9/24 21:07,unknow,0
0040-xml.xml,445a4f5547c03fe170e57de23accc583,.xml,718,5.070255037902888,512,6/9/24 21:07,unknow,0
0050-xml.xml,da513e423a7969f4444fe30c981226ae,.xml,1047,5.087238339277057,512,6/9/24 21:07,unknow,0
0022-xml.xml,1f9a44e7e5423da1c994f206d3655a50,.xml,1018,5.093851416983923,512,6/9/24 21:07,unknow,0
0032-xml.xml,e4d06be56435ccb0fdaddf59238f7d73,.xml,1022,5.104674629234246,512,6/9/24 21:07,unknow,0
0004-xml.xml,459ff7e26d1d982732c14fd14637224e,.xml,1504,5.020278894003841,512,6/9/24 21:07,unknow,0
0014-xml.xml,6abd49adb5cd60f89b834e57d2b3a232,.xml,731,4.960095218404309,512,6/9/24 21:07,unknow,0
0066-xml.xml,7e59dae9c958ef65801a3cf94cc282f3,.xml,1009,5.113019618291088,512,6/9/24 21:07,unknow,0
0076-xml.xml,dcf11634fd5a43a632ea66827366e5fb,.xml,1006,5.070465536062378,512,6/9/24 21:07,unknow,0
0082-xml.xml,57812a6e18e1b6cdd79f8a20035efbe7,.xml,983,5.043791629,512,6/9/24 21:07,unknow,0
XML.pdf,623254ce4dcea215003e6ebeb126a6f7,.pdf,3517937,7.9412230017515535,512,6/9/24 21:07,unknow,0
0092-xml.xml,f9f8bc957143249e9e0ed84440139243,.xml,986,5.058393313030972,512,6/9/24 21:07,unknow,0
0059-xml.xml,a01a5f28f2136fc5ba59ba7e83e31b5c,.xml,718,5.071642868574684,512,6/9/24 21:07,unknow,0
0049-xml.xml,f24293f3697e202884d047e5c420c4c1,.xml,723,5.076008184721342,512,6/9/24 21:07,unknow,0
0097-xml.xml,e3f47db2943d55df15c9242bd34e106e,.xml,985,5.047403374362546,512,6/9/24 21:07,unknow,0
0087-xml.xml,2b86cf2ada0bb7df669627329ea770a3,.xml,1017,5.089425951222376,512,6/9/24 21:07,unknow,0
0011-xml.xml,5452ec0b5d73824e7ee4ad540a6bb66e,.xml,12338,5.013286865393543,512,6/9/24 21:07,unknow,0
0001-xml.xml,46907c424e6a5b2baa0a7624d97bf9e6,.xml,359078,4.847087594576923,512,6/9/24 21:07,unknow,0
0073-xml.xml,0391ec79ce73bed884a90f23a0357b41,.xml,718,5.078154439811718,512,6/9/24 21:07,unknow,0
0063-xml.xml,bff0508f52919ce9a816a153806f4e1d,.xml,8724,4.306605063498271,512,6/9/24 21:07,unknow,0
0055-xml.xml,33f2f7c6cd7e991f4867b0a1227a0a0e,.xml,1011,5.07502318,512,6/9/24 21:07,unknow,0
0045-xml.xml,a9145fa9bf914c5de00b61d65c475cd0,.xml,992,5.096135698,512,6/9/24 21:07,unknow,0
0037-xml.xml,cadba1ab9384c7e8653b7402592013bb,.xml,1016,5.086969858352836,512,6/9/24 21:07,unknow,0
0027-xml.xml,e87a99969f6a3b70c3b1e6e09fc6a7f5,.xml,1004,5.086667079306823,512,6/9/24 21:07,unknow,0
0008-xml.xml,e19c518bc209da0e72703f7056d49c33,.xml,2318,4.632026706693163,512,6/9/24 21:07,unknow,0
0018-xml.xml,5c3444d17942ec0fbb3dd5bc6ce5a05f,.xml,1027,5.0995093213007365,512,6/9/24 21:07,unknow,0
0044-xml.xml,fbddcf40ef779f0f523218544b30c6ba,.xml,5482,4.583364173154735,512,6/9/24 21:07,unknow,0
0054-xml.xml,1470475da4357b0c01e13f065ed444bb,.xml,1123,5.080909066698352,512,6/9/24 21:07,unknow,0
0026-xml.xml,87fef435a522faf57b51b392838864bc,.xml,1105,5.0425117552398016,512,6/9/24 21:07,unknow,0
0036-xml.xml,5ab00e47569d193dd5371b89b742cd91,.xml,1026,5.093298582741636,512,6/9/24 21:07,unknow,0
0019-xml.xml,ed4b2076807b4ff4d326e4d80cf55789,.xml,1134,5.06428108,512,6/9/24 21:07,unknow,0
0009-xml.xml,1f13ceec429b1f3bd8637ba177709e28,.xml,435,4.978206282,435,6/9/24 21:07,unknow,0
0086-xml.xml,46c84c6778175c58d4b527f8474f8417,.xml,28520,4.212433847,512,6/9/24 21:07,unknow,0
0096-xml.xml,12907149ad30c24ecb33ef4b28e57984,.xml,985,5.049486591145108,512,6/9/24 21:07,unknow,0
0010-xml.xml,6eeded278b5bfba5120304f53e59dcac,.xml,362189,4.866455377167443,512,6/9/24 21:07,unknow,0
0062-xml.xml,497e46a9a75ea7ab424ffbe21e3e18fe,.xml,741,5.069912439358759,512,6/9/24 21:07,unknow,0
0072-xml.xml,cd571bd4f966fedafc5b8592ded6cf38,.xml,1012,5.078381663799238,512,6/9/24 21:07,unknow,0
0034-xml.xml,18139593610d21b34f97dd99cc8716dc,.xml,1015,5.073248560412351,512,6/9/24 21:07,unknow,0
0024-xml.xml,1577be75725c3507c90f020630657724,.xml,996,5.094789009,512,6/9/24 21:07,unknow,0
0056-xml.xml,25e1a08f278cf0a7b2b29131b43ffe7e,.xml,1012,5.095344302607831,512,6/9/24 21:07,unknow,0
0046-xml.xml,ef7f7c82a4af695cc5d9f571acfed224,.xml,1002,5.088132578063854,512,6/9/24 21:07,unknow,0
0069-xml.xml,fe64b52cd137059c2e4cfe96d699976a,.xml,1015,5.071621482132152,512,6/9/24 21:07,unknow,0
0079-xml.xml,46e9ed8cdca4a311902dbe2842b73092,.xml,1029,5.096712068208358,512,6/9/24 21:07,unknow,0
0094-xml.xml,5a39665680daa53521bd00b452201844,.xml,986,5.0568472452905775,512,6/9/24 21:07,unknow,0
0084-xml.xml,4d22fcddba5bd46ac2e8e891cb12a273,.xml,992,5.063889495352831,512,6/9/24 21:07,unknow,0
0070-xml.xml,dc0d48d605916d0d4ffd987fb5904506,.xml,1015,5.075265239997077,512,6/9/24 21:07,unknow,0
0060-xml.xml,a51c61cdc6b07026eda72a93372b5556,.xml,991,5.057385859679598,512,6/9/24 21:07,unknow,0
0012-xml.xml,2cda7f9996802c5a2358e140863b97de,.xml,1436,5.036218174,512,6/9/24 21:07,unknow,0
0002-xml.xml,63c897b65369493b8b5bf71691ec1b9b,.xml,2588,4.612668062774602,512,6/9/24 21:07,unknow,0
0085-xml.xml,b170b788461c6ba65970058529b7c4a9,.xml,986,5.059849439890182,512,6/9/24 21:07,unknow,0
0095-xml.xml,d20542989d7a857ae78fcbf8b1742e54,.xml,1018,5.076807872333469,512,6/9/24 21:07,unknow,0
0061-xml.xml,1b5eccc033d9846a1ded88180826b0b9,.xml,1366,5.032306557065075,512,6/9/24 21:07,unknow,0
0071-xml.xml,916b90a382c3ef44401d0afdba586664,.xml,987,5.060184344,512,6/9/24 21:07,unknow,0
0003-xml.xml,8ac6ac7aa5de21f4fa621775336596b1,.xml,2537,4.612353685828787,512,6/9/24 21:07,unknow,0
0013-xml.xml,c6739a2082f245716d918b9f4f07a44a,.xml,1437,5.034853175969673,512,6/9/24 21:07,unknow,0
0025-xml.xml,16b3bbe689206c5ce60e31c315d650b6,.xml,1018,5.093271760337771,512,6/9/24 21:07,unknow,0
0035-xml.xml,481946ba870608caba8b92751cac7f0d,.xml,1022,5.108239100492583,512,6/9/24 21:07,unknow,0
0047-xml.xml,e54a11772bb63bec3f58ef97197230ff,.xml,1036,5.058178596744409,512,6/9/24 21:07,unknow,0
0057-xml.xml,9a4ac28011d8f6812e1e94a0834e7e57,.xml,1080,5.234721479,512,6/9/24 21:07,unknow,0
0078-xml.xml,4db5e6d28d3838b604a6e854f9661085,.xml,990,5.059286084,512,6/9/24 21:07,unknow,0
0100-xml.xml,b7e745f45668496c767f56e162c7b76e,.xml,1010,5.061304085401564,512,6/9/24 21:07,unknow,0
0068-xml.xml,3a9165963932c130db531385b7a63bb4,.xml,1014,5.119072218142791,512,6/9/24 21:07,unknow,0
0001-xls.xls.c924ca,bbafc281201de6006de20af6308a278e,.c924ca,78154,6.5891787857656885,512,6/9/24 21:07,NETWALKER,0
0002-pptx.pptx.c924ca,731df6630ae1f6b7406a333711d634b4,.c924ca,790995,7.988143772116648,512,6/9/24 21:07,NETWALKER,1
0002-docx.docx.c924ca,3e9cf1bf933b43ab7f01b0741da75632,.c924ca,1800147,7.761007410435283,512,6/9/24 21:07,NETWALKER,1
0001-jpg-fromweb.jpg.c924ca,6f8bd923939ed9a2d71dbc9d1b7aed54,.c924ca,25757,7.984839014,512,6/9/24 21:07,NETWALKER,1
0006-xls.xls.c924ca,1c66c4645868d25d25697303cee6bbe6,.c924ca,6924618,4.409189423949107,512,6/10/24 0:19,NETWALKER,0
0006-jpg-fromweb.jpg.c924ca,4b851f346ca32eb846c319d96288585c,.c924ca,20785,7.988824788218394,512,6/10/24 0:19,NETWALKER,1
0005-jpg-fromweb.jpg.c924ca,2398d86b60b48f9dba8e66d9d08e51a3,.c924ca,20548,7.983420758971221,512,6/10/24 0:19,NETWALKER,1
0006-docx.docx.c924ca,db1abd955606d0d702d33939a808ba5f,.c924ca,89459,7.995202069638186,512,6/10/24 0:19,NETWALKER,1
0002-jpg-fromweb.jpg.c924ca,8ddac541928fb408262041c5b2583cea,.c924ca,91619,7.912127948683395,512,6/9/24 21:07,NETWALKER,1
0006-pptx.pptx.c924ca,cfde6312e08926354701d0135191eb20,.c924ca,2693540,7.943625702385244,512,6/10/24 0:19,NETWALKER,1
0003-jpg-fromweb.jpg.c924ca,5e409d54c1ac0200785d2ee82e189895,.c924ca,83872,7.804235517554335,512,6/9/24 21:07,NETWALKER,1
0003-docx.docx.c924ca,62f336358241061ff826f6a1d6b86763,.c924ca,50868,7.954190999022577,512,6/9/24 21:07,NETWALKER,1
0003-pptx.pptx.c924ca,7b3b158f86f62e2cf3c1b998497f890b,.c924ca,15376513,7.855572226184443,512,6/9/24 21:07,NETWALKER,1
0002-xls.xls.c924ca,9d0878da7ab6ccce62566d93918e2f9e,.c924ca,700234,5.363933193371125,512,6/9/24 21:07,NETWALKER,1
0005-xlsx.xlsx.c924ca,1106d1824e68b57fdb5347b99e4cb9eb,.c924ca,1264240,7.972800323727569,512,6/10/24 0:19,NETWALKER,1
0005-xls.xls.c924ca,34d72c32b4dee6357c6c87f5d0800cda,.c924ca,877386,4.967000743832502,512,6/10/24 0:19,NETWALKER,0
0001-xlsx.xlsx.c924ca,22735f487fd806c2d2f344a4bbfd912e,.c924ca,21071,7.767734663001714,512,6/9/24 21:07,NETWALKER,1
0003-xls.xls.c924ca,30719d7a3604dfaccc9367b35c568058,.c924ca,257866,6.595311643669346,512,6/9/24 21:07,NETWALKER,0
0006-xlsx.xlsx.c924ca,05ff3436b576a3dc82d5ad04fd30d429,.c924ca,1186518,7.967594828590254,512,6/10/24 0:19,NETWALKER,1
0004-doc.doc.c924ca,0d2533488f7f540efb94921bb569133c,.c924ca,71946,5.872988309561888,512,6/9/24 21:07,NETWALKER,1
0003-pdf.pdf.c924ca,53081efe3d50229d4cf0814e36802e48,.c924ca,1363328,7.906135486501982,512,6/9/24 21:07,NETWALKER,1
0003-doc.doc.c924ca,819d0a1dfffb5d1d3e102a8105bc432c,.c924ca,275786,7.174463650582037,512,6/9/24 21:07,NETWALKER,1
0002-doc.doc.c924ca,376c5ce4bf6d74d41d0f473ada3b7f41,.c924ca,44810,5.214823136638355,512,6/9/24 21:07,NETWALKER,1
0002-pdf.pdf.c924ca,4e70ba96a4188bc6c2a25b379a25ab54,.c924ca,2298894,7.918876564708394,512,6/9/24 21:07,NETWALKER,1
0005-doc.doc.c924ca,dddcab7900bfecc5faac1e0ae096b6ce,.c924ca,10125642,7.960020578056584,512,6/10/24 0:19,NETWALKER,1
0002-xlsx.xlsx.c924ca,7ba641af692a0c00f586e5a4e8f49935,.c924ca,1188650,7.966731295567402,512,6/9/24 21:07,NETWALKER,1
0005-pdf.pdf.c924ca,414dff5f644bb845da80de7a6246c5e9,.c924ca,3338343,7.387227654578953,512,6/10/24 0:19,NETWALKER,0
0001-pptx.pptx.c924ca,9bf6ff4e317cc9c3696abfd2e686e6c7,.c924ca,362431,7.935691482703347,512,6/9/24 21:07,NETWALKER,1
0001-docx.docx.c924ca,dd7449a2411287d87c5a4a434660bd15,.c924ca,97180,7.9959946393935395,512,6/9/24 21:07,NETWALKER,1
0005-docx.docx.c924ca,903a8610eee7d3c520baa0ca3eccaebd,.c924ca,135618,7.837903390248259,512,6/10/24 0:19,NETWALKER,1
0001-pdf.pdf.c924ca,52489bb2698f8f5b9bfcdd12bee27501,.c924ca,1461823,7.958014227434868,512,6/9/24 21:07,NETWALKER,1
0001-doc.doc.c924ca,8ae65f16e8e72fc58d24d5d7e4bf5cb2,.c924ca,87882,7.127863493222278,512,6/9/24 21:07,NETWALKER,1
0005-pptx.pptx.c924ca,56dc63b5ad1263d64515d9de95226c35,.c924ca,327407,7.989184567004509,512,6/10/24 0:19,NETWALKER,1
0006-pdf.pdf.c924ca,8026e272aceba4c47bb5858b74924d74,.c924ca,1775076,7.981544368949934,512,6/10/24 0:19,NETWALKER,1
0003-xlsx.xlsx.c924ca,ca8b1bf73087c7f60d62a1f76c6f0271,.c924ca,1140287,7.9708583296213185,512,6/9/24 21:07,NETWALKER,1
0006-doc.doc.c924ca,9a04481d326c2c821113470dbc61eb3f,.c924ca,99146,7.021106551,512,6/10/24 0:19,NETWALKER,0
0088-docx.docx,2125e802b018a6a67af0b441a6dfc7ad,.docx,55171,7.821940707985384,512,6/9/24 21:07,unknow,0
0041-docx.docx,cb70d4e00cffccce8d3d114463fc6b08,.docx,19440,7.485323141779666,512,6/9/24 21:07,unknow,0
0055-docx.docx,cafda97a5508fa14909e936fb19640d8,.docx,691343,7.965248411083236,512,6/9/24 21:07,unknow,1
0074-docx.docx,38ff370604096e090049e93f66fcf070,.docx,2160972,7.943945911424286,512,6/9/24 21:07,unknow,0
0095-xlsx.xlsx,e14aa9f49d731cce800fd4815e905410,.xlsx,32480,7.624749602795978,512,6/9/24 21:07,unknow,0
0081-xlsx.xlsx,25c870e00a9cfd68863f52199155feac,.xlsx,48960,7.853606898345854,512,6/9/24 21:07,unknow,0
0098-xlsx.xlsx,3cbdb8fa48c7aa0a6b28229791444b31,.xlsx,1358145,7.970934948,512,6/9/24 21:07,unknow,1
0093-xlsx.xlsx,63405b4397fd825e3cd0838170a5ea72,.xlsx,23796,7.615378067922037,512,6/9/24 21:07,unknow,0
0087-xlsx.xlsx,df34f979de899e56810d7237e780d605,.xlsx,24541,7.654111781163754,512,6/9/24 21:07,unknow,0
0080-xlsx.xlsx,b5da0ee0441236532a413ba743750ee9,.xlsx,28723,7.7125956,512,6/9/24 21:07,unknow,0
0094-xlsx.xlsx,1ab63f53310216dbbec19cc728fe7a66,.xlsx,25452,7.642865122551467,512,6/9/24 21:07,unknow,0
0099-xlsx.xlsx,49abe44b816e3b7b6b87680c81bdcb36,.xlsx,10305,6.897456967342171,512,6/9/24 21:07,unknow,0
0086-xlsx.xlsx,11de78beeb3663d97d6abcc43903b0ad,.xlsx,23408,7.659666115219461,512,6/9/24 21:07,unknow,0
0092-xlsx.xlsx,95d54b2dc979dbeab2155c6b51fa3c7f,.xlsx,1071070,7.980546501236228,512,6/9/24 21:07,unknow,1
0097-xlsx.xlsx,b2ecf3708a9a35cc91fdc6bbc1a68789,.xlsx,92909,7.945321448038362,512,6/9/24 21:07,unknow,0
0083-xlsx.xlsx,690752e87168a22fa349223d4a63b0d5,.xlsx,770293,7.975712970408401,512,6/9/24 21:07,unknow,1
0079-xlsx.xlsx,42baaddcac1af839246d2f7e1de7ee3a,.xlsx,281818,7.951056308237581,512,6/9/24 21:07,unknow,0
0091-xlsx.xlsx,4c617dce0c1ff050575a2f5c1f595fcb,.xlsx,30844,7.727093029004554,512,6/9/24 21:07,unknow,0
0085-xlsx.xlsx,63400d31aceadb48492acb4f4922ef4d,.xlsx,36347,7.807836667350352,512,6/9/24 21:07,unknow,0
0088-xlsx.xlsx,aee8106cd920ff3476a52b60c4d32171,.xlsx,16613,7.424068832795632,512,6/9/24 21:07,unknow,0
0082-xlsx.xlsx,1bc357254203cefaa43f17dad93498f3,.xlsx,5681256,7.985969533169049,512,6/9/24 21:07,unknow,1
0096-xlsx.xlsx,b9b15e9c2909f223d99c054b39ad8aa6,.xlsx,69100,7.9229832417528705,512,6/9/24 21:07,unknow,0
0100-xlsx.xlsx,d9f3daf4c4230de3a978558353fd0995,.xlsx,10292,6.896598581053495,512,6/9/24 21:07,unknow,0
0078-xlsx.xlsx,e9b71d5382ae308d096bb3386d397452,.xlsx,1207159,7.963540018056043,512,6/9/24 21:07,unknow,1
0084-xlsx.xlsx,6f6c0b99443023080792349a2b58b76f,.xlsx,177226,7.828741156773149,512,6/9/24 21:07,unknow,0
0090-xlsx.xlsx,55ccb1f7885b68ace3d572d01bfbefa1,.xlsx,29877,7.720861252156123,512,6/9/24 21:07,unknow,0
0089-xlsx.xlsx,dbb84f459071a376f0473ec965cd8349,.xlsx,10590,6.9345959031576525,512,6/9/24 21:07,unknow,0
0057-gif.gif,77022f28c13514c38418fff584b1a6de,.gif,553558,7.939167952223628,512,6/9/24 21:07,unknow,0
0047-gif.gif,1263629cf4184016b07f8c3090af1c83,.gif,696410,7.877068529372302,512,6/9/24 21:07,unknow,0
0035-gif.gif,3c330ae88647120b4317094aa9241f89,.gif,859254,7.767360247469477,512,6/9/24 21:07,unknow,0
0025-gif.gif,8a3d4ea081cce5ff482b4a57cc04a68e,.gif,611309,7.865182094399683,512,6/9/24 21:07,unknow,0
0068-gif.gif,ee70b8ccec008980129f91344d64ebc8,.gif,653912,7.916270557078456,512,6/9/24 21:07,unknow,0
0078-gif.gif,8409c02eac3766732fb7c6f96c38c57d,.gif,858361,7.808840195501498,512,6/9/24 21:07,unknow,0
0100-gif.gif,ae1c55eae66f90e57529b3f7b41673f1,.gif,502472,7.89622678,512,6/9/24 21:07,unknow,0
0095-gif.gif,aa63e9d67a453022e4fb6b8416f3ce87,.gif,624058,7.941140301382884,512,6/9/24 21:07,unknow,0
0085-gif.gif,f7f92f1b62de4eb714308b3cba2e9b84,.gif,505687,7.927458493502057,512,6/9/24 21:07,unknow,0
0013-gif.gif,b4a8726464d6ec29dc08f6a26b2da8a0,.gif,772296,7.803179928586301,512,6/9/24 21:07,unknow,0
0003-gif.gif,2bcf9c8ae0154dbdd45d79f4e38483c7,.gif,827896,7.799593507,512,6/9/24 21:07,unknow,0
0071-gif.gif,91b046bc27413cfd4c10478f5ae34c98,.gif,700957,7.8679770530496285,512,6/9/24 21:07,unknow,0
0061-gif.gif,565a4863bf7af0b9e205855eb6d4aae1,.gif,572383,7.884527971043826,512,6/9/24 21:07,unknow,0
0084-gif.gif,d3a1539e6f66cc1da56ea242488db770,.gif,678940,7.905400432388332,512,6/9/24 21:07,unknow,0
0094-gif.gif,6362a6a2ee613a93c5803f4377df83c2,.gif,546766,7.904420207059325,512,6/9/24 21:07,unknow,0
0002-gif.gif,3aa11ef91e960593603a7ee123e13baf,.gif,629735,7.930200964632331,512,6/9/24 21:07,unknow,0
0012-gif.gif,b1329ae1a446cd3063730f1c04c0b011,.gif,765817,7.845411244502828,512,6/9/24 21:07,unknow,0
0060-gif.gif,dc3a98bb9ddcb025d69603ff3f33f929,.gif,971772,7.670884868667072,512,6/9/24 21:07,unknow,0
0070-gif.gif,4ed15746ecbc2fefc77af1a575ac9669,.gif,527802,7.903726641092187,512,6/9/24 21:07,unknow,0
0046-gif.gif,def815daa4e83a587bf52093282f87c6,.gif,569685,7.965505731982018,512,6/9/24 21:07,unknow,1
0056-gif.gif,62d478d7c8aed45aefd32e2506c70d1d,.gif,662264,7.786524453612762,512,6/9/24 21:07,unknow,0
0024-gif.gif,96cf35042112646437e9b750e9533ce4,.gif,645274,7.914016041296441,512,6/9/24 21:07,unknow,0
0034-gif.gif,f79e0f66f91f24c428a85bb7adf42f05,.gif,393273,7.977520038434616,512,6/9/24 21:07,unknow,1
0079-gif.gif,e886812cc103475ec1eff2edb567c8ee,.gif,569523,7.927051018696111,512,6/9/24 21:07,unknow,0
0069-gif.gif,6bd55d19fcaf36779689b9175d9da6ac,.gif,1036627,7.624242999415482,512,6/9/24 21:07,unknow,0
0096-gif.gif,045c6e038d3077871b8ff3ffe2b2e55b,.gif,816012,7.831568034352812,512,6/9/24 21:07,unknow,0
0086-gif.gif,62707b8bc57126a9c042757a03d5ee51,.gif,582566,7.939395039689321,512,6/9/24 21:07,unknow,0
0072-gif.gif,f0a0eca1b5b65f7bbd1596301327a15c,.gif,609380,7.831893836403079,512,6/9/24 21:07,unknow,0
0062-gif.gif,6ce44739b3309214ed4b6f116677b23a,.gif,733366,7.742075596525719,512,6/9/24 21:07,unknow,0
0010-gif.gif,27a2496b8522916463a10ae445c00171,.gif,882298,7.800957220693871,512,6/9/24 21:07,unknow,0
0036-gif.gif,d0ea5bc409657b6259be9f1f766fcf44,.gif,467117,7.740539867506219,512,6/9/24 21:07,unknow,0
0026-gif.gif,aa52380702ce7734e4cb1808b3793943,.gif,964905,7.725634444267799,512,6/9/24 21:07,unknow,0
0054-gif.gif,beab34acf078a68eb256734e166a1d9d,.gif,527680,7.931202693819957,512,6/9/24 21:07,unknow,0
0044-gif.gif,e79284540ccc311048d1a353eb025d0e,.gif,545599,7.848450863,512,6/9/24 21:07,unknow,0
0009-gif.gif,2ce583c1b935d5dd3c5ea6a07f138d2b,.gif,717146,7.895006030979846,512,6/9/24 21:07,unknow,0
0019-gif.gif,983e47504474c176a874c30cf168fae2,.gif,867250,7.812165874,512,6/9/24 21:07,unknow,0
0027-gif.gif,44eb7c8950f98d9ab80648930212cd29,.gif,1009893,7.678211543570275,512,6/9/24 21:07,unknow,0
0037-gif.gif,c5872af9583a226ee50a1a9c8aa42e33,.gif,456402,7.820059482096775,512,6/9/24 21:07,unknow,0
0045-gif.gif,88db8edfd891658654d6e44fd4c29e80,.gif,700952,7.870816316349672,512,6/9/24 21:07,unknow,0
0055-gif.gif,60fd97646150b43afbc0bd0cca429df2,.gif,448760,7.924072711057114,512,6/9/24 21:07,unknow,0
0018-gif.gif,9249d20df14e5dd4b3a4dc30708cad86,.gif,676684,7.930502873305833,512,6/9/24 21:07,unknow,0
0008-gif.gif,98d6844c1056125889605cbd4eebef42,.gif,875911,7.757426517323974,512,6/9/24 21:07,unknow,0
0087-gif.gif,af219ee1be675c28c7abf57d579f8add,.gif,731507,7.892186596,512,6/9/24 21:07,unknow,0
0097-gif.gif,3095f7e2fd1205ab58bcde9db56140bb,.gif,653559,7.899417976795661,512,6/9/24 21:07,unknow,0
0063-gif.gif,929057b8201bdee30101a66cdac8ed57,.gif,1060004,7.720149889663332,512,6/9/24 21:07,unknow,0
0073-gif.gif,82284e3735937dc075b0f58f201bedc5,.gif,707999,7.812528323401783,512,6/9/24 21:07,unknow,0
0001-gif.gif,5e931b15927ab6234d59591d471a433c,.gif,585978,7.856484085124353,512,6/9/24 21:07,unknow,0
0011-gif.gif,67c63538e1e8177f6648990b242d764e,.gif,636967,7.904146509968544,512,6/9/24 21:07,unknow,0
0076-gif.gif,7a6cd3869e6c936871964b66204964f0,.gif,498117,7.938237476539818,512,6/9/24 21:07,unknow,0
0066-gif.gif,67aacc89296310cb3f69029705b30896,.gif,720678,7.870360939123147,512,6/9/24 21:07,unknow,0
0014-gif.gif,c3defa9be82e3317daaa2fc915d12660,.gif,445578,7.955570447527764,512,6/9/24 21:07,unknow,1
0004-gif.gif,1b22912a1823194600fca2f3b18aec67,.gif,781747,7.852236501230408,512,6/9/24 21:07,unknow,0
0049-gif.gif,53e5c31a98f8ab91d2a6eb399ee4baf2,.gif,551408,7.910919226449701,512,6/9/24 21:07,unknow,0
0059-gif.gif,38110d762595241f2f941195a7110cad,.gif,614696,7.931898425613824,512,6/9/24 21:07,unknow,0
0092-gif.gif,a5b11609197bf100870b13248f21c4c7,.gif,632433,7.818879764601476,512,6/9/24 21:07,unknow,0
0082-gif.gif,3d727e30dcca74eb68e070d3408f41a9,.gif,580994,7.795639305208809,512,6/9/24 21:07,unknow,0
0032-gif.gif,b80b2f5333030d5d80412275b61f852c,.gif,827469,7.806385155706613,512,6/9/24 21:07,unknow,0
0022-gif.gif,572df86f34b78f67e89f8dcef47a5940,.gif,529485,7.869214653746713,512,6/9/24 21:07,unknow,0
0050-gif.gif,2ca6771480d7cda99ae0ebd7ce2050f3,.gif,535241,7.847074252013074,512,6/9/24 21:07,unknow,0
0040-gif.gif,9212541a7bb7cee4610e488b5fe92b3c,.gif,591782,7.914840250277543,512,6/9/24 21:07,unknow,0
0023-gif.gif,0981cfb62f5d8ce2d2bc1e89cb53bc00,.gif,572389,7.933134353608225,512,6/9/24 21:07,unknow,0
0033-gif.gif,1951be398b5bd0f97c0c0d395b9a3018,.gif,591408,7.912589945541455,512,6/9/24 21:07,unknow,0
0041-gif.gif,44fc8f380d4e0694f776c791e9c7dade,.gif,571655,7.8831201888927485,512,6/9/24 21:07,unknow,0
0051-gif.gif,5d8bd7f607edc343df7af5b2bd06c9f7,.gif,592794,7.862699473497141,512,6/9/24 21:07,unknow,0
0067-gif.gif,81c447b539ca6a8bb05d898b262c59e8,.gif,771212,7.860353200650938,512,6/9/24 21:07,unknow,0
0077-gif.gif,9ad2a4e3989cf1fb95c7707d1967fab1,.gif,763228,7.868329695398236,512,6/9/24 21:07,unknow,0
0005-gif.gif,eab1768fc8b49177116e1aeebbe09e61,.gif,560537,7.862040258651196,512,6/9/24 21:07,unknow,0
0015-gif.gif,4e6860093fb83b5b8a6986459c5ea819,.gif,586621,7.835160674924516,512,6/9/24 21:07,unknow,0
0058-gif.gif,76546fa627429f5714a1920b7bb9aa36,.gif,818499,7.824139955921747,512,6/9/24 21:07,unknow,0
0048-gif.gif,73c1272fd16ed75d4e63b8669e510106,.gif,737113,7.683678753356867,512,6/9/24 21:07,unknow,0
0083-gif.gif,e0770aa51f401e274d22f90e41ab38dd,.gif,664933,7.938051572368685,512,6/9/24 21:07,unknow,0
0093-gif.gif,8c6d51230445f71c64059d4048a5dd5f,.gif,500386,7.888392051348707,512,6/9/24 21:07,unknow,0
0053-gif.gif,43ed5beb77f9d0f2b20a9fca9a9f7222,.gif,392221,7.974538867435741,512,6/9/24 21:07,unknow,1
0043-gif.gif,bffd1af3a76cf6700e64402c41f0c49c,.gif,667119,7.930548688786862,512,6/9/24 21:07,unknow,0
0088-gif.gif,ba67f61f3170764ced4b0bf1776dd39d,.gif,574490,7.890692282504817,512,6/9/24 21:07,unknow,0
0098-gif.gif,539018d3ddd9954ce1ebac62d96b6772,.gif,627054,7.954264790805174,512,6/9/24 21:07,unknow,1
0031-gif.gif,e38cb17ab0ea28a71c68a2d02b4c7172,.gif,499938,7.849080343985981,512,6/9/24 21:07,unknow,0
0021-gif.gif,a3ca99e3385585ace7713e4b246df442,.gif,510783,7.966564931409601,512,6/9/24 21:07,unknow,1
0017-gif.gif,a08372621d348523a7dac72b08795f6c,.gif,778616,7.784930495808452,512,6/9/24 21:07,unknow,0
0007-gif.gif,861cfdcfe2239d7246e0985b85196503,.gif,567881,7.942299930990914,512,6/9/24 21:07,unknow,0
0075-gif.gif,7f5b92917a0847dce1626c32c6343e10,.gif,857542,7.785695641683203,512,6/9/24 21:07,unknow,0
0065-gif.gif,db6b11c537229c2ca69ac6621b39f837,.gif,349007,7.9012011025077795,512,6/9/24 21:07,unknow,0
0091-gif.gif,75f52f38cbca6eec473948c8f5811035,.gif,542884,7.835621462876571,512,6/9/24 21:07,unknow,0
0081-gif.gif,f2b8af86e4e98878e1e488c0b269da4e,.gif,715757,7.702327366679174,512,6/9/24 21:07,unknow,0
0028-gif.gif,d7ac67b5e17f0da24de3de2f4c3d985d,.gif,512265,7.876143500410604,512,6/9/24 21:07,unknow,0
0038-gif.gif,791877a5e0ec9ff372d6765940bcb134,.gif,867564,7.7861065497852655,512,6/9/24 21:07,unknow,0
0006-gif.gif,83315954c5ffbf9953f60d13bbe3e67e,.gif,583131,7.865716682185887,512,6/9/24 21:07,unknow,0
0016-gif.gif,097ce968767d40a0503d2b45beca00b9,.gif,665277,7.830277203817939,512,6/9/24 21:07,unknow,0
0064-gif.gif,b76a2c06627110fcc2f7e2a90f931237,.gif,618190,7.772508111982325,512,6/9/24 21:07,unknow,0
0074-gif.gif,196c4ada17e84b462b0d41fe1594452f,.gif,513284,7.958233925210788,512,6/9/24 21:07,unknow,1
0039-gif.gif,5a65b89cbcb2e0d992b16701d0eca483,.gif,601782,7.91381552,512,6/9/24 21:07,unknow,0
0029-gif.gif,b46041bbd7000238056d2c88aeefaabf,.gif,802205,7.828163344373313,512,6/9/24 21:07,unknow,0
0080-gif.gif,239a51b315615349d17bbacdc4eac5aa,.gif,791266,7.852277059042043,512,6/9/24 21:07,unknow,0
0090-gif.gif,e7636d1470b64e4049b7fe98f434976a,.gif,852143,7.814579769241159,512,6/9/24 21:07,unknow,0
0042-gif.gif,5b82bf83145b33e18e85be278749f50e,.gif,552231,7.865085859305813,512,6/9/24 21:07,unknow,0
0052-gif.gif,a25d7bbe67b6b21e4db3c6bf241178fa,.gif,715682,7.827901867995875,512,6/9/24 21:07,unknow,0
0020-gif.gif,a65674570ab118d6693743d65dda5115,.gif,594253,7.908315662763649,512,6/9/24 21:07,unknow,0
0030-gif.gif,d2fc8c6feaa82df36294694fc7e26db6,.gif,582745,7.828103486403041,512,6/9/24 21:07,unknow,0
0099-gif.gif,2d91869b3f26d827467fa6ad8f0ed734,.gif,625572,7.918023624277566,512,6/9/24 21:07,unknow,0
0089-gif.gif,7fc30e12f338f11c63e585b0f4e6e065,.gif,260532,7.888976421741292,512,6/9/24 21:07,unknow,0
0008-png-c9.png,fc57c039bdfff9a256b0838c8708bcb4,.png,2136693,7.983832188352704,512,6/9/24 21:07,unknow,1
0095-png-c9.png,e256ca5cedb372136a4ea5d498a71a47,.png,1524477,7.973952335241355,512,6/9/24 21:07,unknow,1
0014-png-c9.png,092be10dae207a9ddc39bb118da2b36d,.png,962849,7.9895530699318416,512,6/9/24 21:07,unknow,1
0023-png-c9.png,5fb833f47ba88183b6e02cbb4b119c2c,.png,1480797,7.980412919156583,512,6/9/24 21:07,unknow,1
0100-png-c9.png,c209256298e648ec3c46e72a234e24ad,.png,1195715,7.991898595695188,512,6/9/24 21:07,unknow,1
0076-png-c9.png,287726b0443f99471b4477804a9ebbda,.png,1242643,7.995138387798216,512,6/9/24 21:07,unknow,1
0041-png-c9.png,59fc7c672877045549ccb39675e747be,.png,1371963,7.973696547063875,512,6/9/24 21:07,unknow,1
0089-png-c9.png,c16399cc45847c656cc73c9040ac311a,.png,566442,7.984632005073873,512,6/9/24 21:07,unknow,1
0098-png-c9.png,186a61e765d9026bca4f8151e6cc624b,.png,1153108,7.993573874128173,512,6/9/24 21:07,unknow,1
0050-png-c9.png,25e2ca9fa9aa6a46d562f7c156738ff8,.png,1357046,7.990263777549398,512,6/9/24 21:07,unknow,1
0067-png-c9.png,9324a471017e693d6a6460338782211d,.png,1844735,7.985921519727907,512,6/9/24 21:07,unknow,1
C9.pdf,6875fb619ba19897dd8b3563b96b7bc7,.pdf,2554477,7.9395698874668605,512,6/9/24 21:07,unknow,0
0032-png-c9.png,53b37c30876d0bbec54ed6a6a7945893,.png,1807412,7.961313525511153,512,6/9/24 21:07,unknow,1
0005-png-c9.png,add2dc87b42475d64471d0e61bae7f2f,.png,1307808,7.978199475435471,512,6/9/24 21:07,unknow,1
0084-png-c9.png,cbea3df8501300fd03591510481c0618,.png,1339703,7.991811891506133,512,6/9/24 21:07,unknow,1
0019-png-c9.png,6f16ef7b1ed6308271510d863ed7ce4c,.png,2069672,7.970011734927809,512,6/9/24 21:07,unknow,1
0062-png-c9.png,d4efb8492cc7ea065057d3739dcb13b3,.png,1633472,7.976874061078623,512,6/9/24 21:07,unknow,1
0055-png-c9.png,a945eb1d39b8136e0cd1c34cbef6230a,.png,1202993,7.994472607454697,512,6/9/24 21:07,unknow,1
0037-png-c9.png,b0c5e30d72632f1d25548ca2d0308b23,.png,1091502,7.9873067375118145,512,6/9/24 21:07,unknow,1
0049-png-c9.png,8ae7a742f78fa61fd86f49104ea22e7f,.png,1066585,7.987448905558246,512,6/9/24 21:07,unknow,1
0081-png-c9.png,d9a6fbfde990b849e7c0309877e3b2db,.png,1525116,7.976737163943196,512,6/9/24 21:07,unknow,1
0090-png-c9.png,069a3755f7a701011a3290200df65604,.png,1880746,7.972306113095093,512,6/9/24 21:07,unknow,1
0058-png-c9.png,5f6af49cb9a08f7e7a01d5622a2df337,.png,1876811,7.979915661793981,512,6/9/24 21:07,unknow,1
0026-png-c9.png,3f965004b17133a16afc0bfa19ba7a39,.png,2368457,7.985556907970164,512,6/9/24 21:07,unknow,1
0011-png-c9.png,91c7c16636702b5ebf9aae34dc61266d,.png,1510693,7.984058298275776,512,6/9/24 21:07,unknow,1
0044-png-c9.png,2ff88b065c84b7eee5feebeb7fbfba55,.png,1305830,7.985908231627412,512,6/9/24 21:07,unknow,1
0073-png-c9.png,64152e79d449213e9b62fa6648dcfc79,.png,1448928,7.961506524380868,512,6/9/24 21:07,unknow,1
0021-png-c9.png,1c6d7091d92329c34ed926191c632fff,.png,863761,7.997343868823389,512,6/9/24 21:07,unknow,1
0016-png-c9.png,528544f7ba6ac8e162fe464d9edba40c,.png,1389921,7.983219016695329,512,6/9/24 21:07,unknow,1
0043-png-c9.png,2a3c16b88e1e4a41fc84da7c3ad7a8d2,.png,1243310,7.992749100632037,512,6/9/24 21:07,unknow,1
0074-png-c9.png,97e300374444060108c5c095adce9f89,.png,1299904,7.995077164579658,512,6/9/24 21:07,unknow,1
0068-png-c9.png,b9ba6d39680af3b22214d8443957b286,.png,1348685,7.982006603499524,512,6/9/24 21:07,unknow,1
0097-png-c9.png,a0cd7e440b049545ca5f58421af9cdd6,.png,1591107,7.981155302593902,512,6/9/24 21:07,unknow,1
0086-png-c9.png,8987447a218b204bb7ec5a1cf6b00155,.png,1339913,7.988032565739124,512,6/9/24 21:07,unknow,1
0079-png-c9.png,24bdcc6c1368d541d5502f073138b7e6,.png,1321609,7.981741466732789,512,6/9/24 21:07,unknow,1
0065-png-c9.png,dba228978e59bb66f166e8bf3210de2b,.png,845464,7.984528643960618,512,6/9/24 21:07,unknow,1
0052-png-c9.png,b2a6906e7d1d776cd87222692bd9014e,.png,1784186,7.984798710511066,512,6/9/24 21:07,unknow,1
0007-png-c9.png,9db1d6d92b820ed3bf8ea877c2da051d,.png,1002687,7.993974761554561,512,6/9/24 21:07,unknow,1
0030-png-c9.png,b1c038f6847c9f890b0e2114dc9763ba,.png,1568696,7.980933138312734,512,6/9/24 21:07,unknow,1
0029-png-c9.png,081ce705b7ea44215e6a1b56896dbefb,.png,1667098,7.980758522084379,512,6/9/24 21:07,unknow,1
0083-png-c9.png,8607bda3ac5a43c91e3f538ff2042a8d,.png,1268996,7.990549731948616,512,6/9/24 21:07,unknow,1
0057-png-c9.png,4379224bdd02fb4b5108515c99130841,.png,1052803,7.988661294590527,512,6/9/24 21:07,unknow,1
0060-png-c9.png,a6eac155bfd273f53a438f0ef42b63f5,.png,2330614,7.989585619036648,512,6/9/24 21:07,unknow,1
0035-png-c9.png,1e97068a5b695ff8f51dcbbe1773bca4,.png,1912261,7.957408460720421,512,6/9/24 21:07,unknow,1
0002-png-c9.png,3dfda56e56cfd641323bd7016beeac6e,.png,1543410,7.985066889,512,6/9/24 21:07,unknow,1
0013-png-c9.png,d9b8dfa838556cce1cc729665647a0b6,.png,1846521,7.988904113094814,512,6/9/24 21:07,unknow,1
0024-png-c9.png,cf1a1eedb2d23e82cfd713c4121023e0,.png,1726876,7.988718879868759,512,6/9/24 21:07,unknow,1
0071-png-c9.png,9542064ecc0ece7770b58ddf0b073e2f,.png,1769924,7.990471793367896,512,6/9/24 21:07,unknow,1
0046-png-c9.png,b4cc281dd23edff92802fd22f2064ec6,.png,942189,7.996852634285831,512,6/9/24 21:07,unknow,1
0092-png-c9.png,815599dd1a589a4a7bb5086954c54f30,.png,1576013,7.983316230144392,512,6/9/24 21:07,unknow,1
0038-png-c9.png,52be590274f7581ae0808ba7eb9c43d0,.png,1854027,7.966480238021985,512,6/9/24 21:07,unknow,1
0063-png-c9.png,940fbf8273083a8502a6ab67d16939ca,.png,2538044,7.973425238564639,512,6/9/24 21:07,unknow,1
0054-png-c9.png,0fc5bbb40127cb0d04a70e6732f694f0,.png,1135975,7.993992442054298,512,6/9/24 21:07,unknow,1
0001-png-c9.png,0ccaa8b45dc1ac660312017f6c77445b,.png,1167493,7.982280223824212,512,6/9/24 21:07,unknow,1
0036-png-c9.png,41f90eb96b00eff95976667fe7f8745b,.png,1368399,7.992382268534638,512,6/9/24 21:07,unknow,1
0080-png-c9.png,44abec6c001a84ea73c09b768ea0bb9e,.png,1777072,7.977396150036705,512,6/9/24 21:07,unknow,1
0048-png-c9.png,f9b6f419290727835ca338846f0e356e,.png,1910903,7.985121041928385,512,6/9/24 21:07,unknow,1
0059-png-c9.png,c32dad78b6b33377a75e9794bf99ccca,.png,1207731,7.995593477377501,512,6/9/24 21:07,unknow,1
0091-png-c9.png,9c8ac42ad675046f2bee593acdf2e64e,.png,1370031,7.991508243909374,512,6/9/24 21:07,unknow,1
0027-png-c9.png,4839093358ef3c11a343b6527eb62b24,.png,2332639,7.968817661382323,512,6/9/24 21:07,unknow,1
0010-png-c9.png,26308f897533d885f4ac32dab2e43f54,.png,2139447,7.972870593,512,6/9/24 21:07,unknow,1
0045-png-c9.png,a5ba1b4bcb6b51b76fa31e74d8e9f0ed,.png,1756781,7.983817595492374,512,6/9/24 21:07,unknow,1
0072-png-c9.png,b1889a8b64000c70de53204923f3345d,.png,1395259,7.978912921823616,512,6/9/24 21:07,unknow,1
0094-png-c9.png,b625d102fb222688668781ca7881a3d3,.png,1110834,7.978235205,512,6/9/24 21:07,unknow,1
0009-png-c9.png,3b5229d4d2e7c48888a541955a5fe38f,.png,1447370,7.984215092685174,512,6/9/24 21:07,unknow,1
0088-png-c9.png,513feae35f7507d35d658f803f8a1e93,.png,1184123,7.977473867790258,512,6/9/24 21:07,unknow,1
0015-png-c9.png,e17bff5897018f3cc388734d0212559a,.png,1482817,7.982123678546924,512,6/9/24 21:07,unknow,1
0022-png-c9.png,ba03c54bfc0acec8812c0c5656759235,.png,1305613,7.992515356992324,512,6/9/24 21:07,unknow,1
0077-png-c9.png,a8ad8ee6e15f6530ebee4fd0e2a999dd,.png,1682734,7.983786171425234,512,6/9/24 21:07,unknow,1
0040-png-c9.png,26675c9505d3e6a8f7202b921d98dd46,.png,1339052,7.983893111663754,512,6/9/24 21:07,unknow,1
0051-png-c9.png,00510e7c8ab2c6ada6886a9611e304d1,.png,1445549,7.987417179920704,512,6/9/24 21:07,unknow,1
0066-png-c9.png,7b675e03bae39f0d059483d229a43642,.png,1592801,7.979217963369701,512,6/9/24 21:07,unknow,1